Date,Lloyds_Close
03/03/2009,45.5
04/03/2009,47.7
05/03/2009,39.32
06/03/2009,42.0
09/03/2009,43.7
10/03/2009,50.8
11/03/2009,44.5
12/03/2009,45.7
13/03/2009,46.8
16/03/2009,47.2
17/03/2009,48.0
18/03/2009,47.6
19/03/2009,54.4
20/03/2009,55.3
23/03/2009,61.5
24/03/2009,58.0
25/03/2009,61.8
26/03/2009,69.0
27/03/2009,76.1
30/03/2009,64.8
31/03/2009,70.7
01/04/2009,71.0
02/04/2009,76.5
03/04/2009,79.2
06/04/2009,79.7
07/04/2009,72.9
08/04/2009,71.7
09/04/2009,79.5
14/04/2009,87.9
15/04/2009,84.1
16/04/2009,89.7
17/04/2009,104.6
20/04/2009,104.5
21/04/2009,95.0
22/04/2009,100.5
23/04/2009,96.0
24/04/2009,100.0
27/04/2009,100.5
28/04/2009,95.6
29/04/2009,103.5
30/04/2009,112.0
01/05/2009,109.6
05/05/2009,121.1
06/05/2009,113.2
07/05/2009,97.0
08/05/2009,100.7
11/05/2009,99.3
12/05/2009,89.1
13/05/2009,84.6
14/05/2009,87.8
15/05/2009,89.2
18/05/2009,98.0
19/05/2009,100.3
20/05/2009,70.5
21/05/2009,66.7
22/05/2009,68.6
26/05/2009,66.8
27/05/2009,65.5
28/05/2009,65.0
29/05/2009,68.0
01/06/2009,72.5
02/06/2009,69.5
03/06/2009,66.0
04/06/2009,67.1
05/06/2009,66.2
08/06/2009,61.1
09/06/2009,63.0
10/06/2009,65.0
11/06/2009,66.7
12/06/2009,65.3
15/06/2009,66.8
16/06/2009,69.3
17/06/2009,67.1
18/06/2009,69.3
19/06/2009,70.0
22/06/2009,67.85
23/06/2009,65.0
24/06/2009,67.57
25/06/2009,66.5
26/06/2009,66.49
29/06/2009,70.56
30/06/2009,69.93
01/07/2009,68.25
02/07/2009,65.9
06/07/2009,66.1
07/07/2009,66.0
08/07/2009,63.71
09/07/2009,63.3
10/07/2009,63.3
13/07/2009,64.51
14/07/2009,65.8
15/07/2009,68.73
16/07/2009,69.95
17/07/2009,67.5
20/07/2009,72.01
21/07/2009,73.44
22/07/2009,72.3
23/07/2009,76.15
24/07/2009,77.99
27/07/2009,83.33
28/07/2009,81.28
29/07/2009,83.8
30/07/2009,84.88
31/07/2009,85.0
03/08/2009,85.25
04/08/2009,84.27
05/08/2009,93.2
06/08/2009,104.7
07/08/2009,102.0
10/08/2009,97.89
11/08/2009,90.99
12/08/2009,96.83
13/08/2009,98.49
14/08/2009,99.5
17/08/2009,95.0
18/08/2009,96.76
19/08/2009,98.72
20/08/2009,101.25
21/08/2009,101.58
24/08/2009,107.97
25/08/2009,107.83
26/08/2009,108.47
27/08/2009,104.7
28/08/2009,111.34
01/09/2009,106.01
02/09/2009,99.41
03/09/2009,99.7
04/09/2009,101.78
08/09/2009,106.9
09/09/2009,106.2
10/09/2009,105.17
11/09/2009,105.01
14/09/2009,105.37
15/09/2009,104.7
16/09/2009,109.17
17/09/2009,109.68
18/09/2009,110.65
21/09/2009,107.6
22/09/2009,107.7
23/09/2009,108.9
24/09/2009,107.1
25/09/2009,103.45
28/09/2009,103.75
29/09/2009,104.8
30/09/2009,103.7
01/10/2009,99.23
02/10/2009,94.75
05/10/2009,94.96
06/10/2009,96.5
07/10/2009,95.66
08/10/2009,94.31
09/10/2009,94.0
12/10/2009,91.61
13/10/2009,89.72
14/10/2009,93.06
15/10/2009,91.41
16/10/2009,93.1
19/10/2009,92.0
20/10/2009,91.35
21/10/2009,91.5
22/10/2009,94.8
23/10/2009,96.23
26/10/2009,89.34
27/10/2009,83.84
28/10/2009,80.0
29/10/2009,86.0
30/10/2009,87.03
02/11/2009,85.0
03/11/2009,87.33
04/11/2009,86.29
05/11/2009,82.99
06/11/2009,84.8
09/11/2009,85.22
10/11/2009,85.21
11/11/2009,89.25
12/11/2009,90.0
13/11/2009,89.85
16/11/2009,90.49
17/11/2009,91.0
18/11/2009,89.56
19/11/2009,89.94
20/11/2009,88.15
23/11/2009,91.47
24/11/2009,93.81
25/11/2009,94.25
27/11/2009,58.6
30/11/2009,55.15
01/12/2009,54.14
02/12/2009,53.1
03/12/2009,55.45
04/12/2009,56.0
07/12/2009,53.69
08/12/2009,53.77
09/12/2009,54.69
10/12/2009,58.22
11/12/2009,56.22
14/12/2009,55.16
15/12/2009,55.35
16/12/2009,55.58
17/12/2009,51.1
18/12/2009,48.7
21/12/2009,49.25
22/12/2009,49.25
23/12/2009,49.11
24/12/2009,49.27
29/12/2009,50.07
30/12/2009,49.84
31/12/2009,50.69
04/01/2010,52.26
05/01/2010,54.03
06/01/2010,54.59
07/01/2010,56.93
08/01/2010,56.9
11/01/2010,56.13
12/01/2010,55.97
13/01/2010,56.0
14/01/2010,57.5
15/01/2010,56.78
19/01/2010,57.07
20/01/2010,56.5
21/01/2010,53.3
22/01/2010,53.6
25/01/2010,52.92
26/01/2010,51.71
27/01/2010,50.84
28/01/2010,50.75
29/01/2010,51.2
01/02/2010,52.9
02/02/2010,54.25
03/02/2010,55.0
04/02/2010,51.25
05/02/2010,48.32
08/02/2010,47.2
09/02/2010,48.2
10/02/2010,50.0
11/02/2010,48.15
12/02/2010,46.59
16/02/2010,49.0
17/02/2010,50.57
18/02/2010,50.68
19/02/2010,50.52
22/02/2010,51.67
23/02/2010,51.73
24/02/2010,53.49
25/02/2010,54.9
26/02/2010,52.5
01/03/2010,50.26
02/03/2010,51.41
03/03/2010,52.78
04/03/2010,53.89
05/03/2010,54.0
08/03/2010,53.65
09/03/2010,53.18
10/03/2010,55.26
11/03/2010,56.54
12/03/2010,58.47
15/03/2010,57.57
16/03/2010,57.5
17/03/2010,57.37
18/03/2010,55.55
19/03/2010,60.13
22/03/2010,61.1
23/03/2010,63.0
24/03/2010,64.2
25/03/2010,64.91
26/03/2010,64.05
29/03/2010,63.25
30/03/2010,61.36
31/03/2010,62.77
01/04/2010,64.16
06/04/2010,64.49
07/04/2010,64.46
08/04/2010,62.56
09/04/2010,64.09
12/04/2010,64.53
13/04/2010,63.63
14/04/2010,64.55
15/04/2010,65.42
16/04/2010,64.7
19/04/2010,65.42
20/04/2010,67.22
21/04/2010,67.18
22/04/2010,66.48
23/04/2010,68.48
26/04/2010,70.24
27/04/2010,68.17
28/04/2010,67.17
29/04/2010,68.0
30/04/2010,66.13
04/05/2010,61.24
05/05/2010,60.1
06/05/2010,56.64
07/05/2010,53.53
10/05/2010,61.0
11/05/2010,60.3
12/05/2010,59.51
13/05/2010,60.55
14/05/2010,57.68
17/05/2010,57.3
18/05/2010,58.15
19/05/2010,56.32
20/05/2010,54.9
21/05/2010,55.8
24/05/2010,55.47
25/05/2010,50.52
26/05/2010,53.91
27/05/2010,56.9
28/05/2010,56.62
01/06/2010,57.41
02/06/2010,55.89
03/06/2010,57.3
04/06/2010,55.44
07/06/2010,53.96
08/06/2010,51.76
09/06/2010,53.47
10/06/2010,55.91
11/06/2010,54.33
14/06/2010,54.9
15/06/2010,55.45
16/06/2010,55.63
17/06/2010,57.19
18/06/2010,56.32
21/06/2010,56.66
22/06/2010,59.0
23/06/2010,58.7
24/06/2010,56.31
25/06/2010,54.2
28/06/2010,55.41
29/06/2010,53.81
30/06/2010,53.7
01/07/2010,52.21
02/07/2010,54.7
06/07/2010,56.96
07/07/2010,58.19
08/07/2010,60.7
09/07/2010,61.71
12/07/2010,62.26
13/07/2010,63.89
14/07/2010,63.0
15/07/2010,61.9
16/07/2010,59.61
19/07/2010,59.27
20/07/2010,59.84
21/07/2010,61.01
22/07/2010,63.58
23/07/2010,63.52
26/07/2010,66.0
27/07/2010,71.8
29/07/2010,68.91
30/07/2010,69.26
02/08/2010,72.44
03/08/2010,71.92
04/08/2010,74.49
05/08/2010,76.03
06/08/2010,73.72
09/08/2010,74.98
10/08/2010,75.12
11/08/2010,70.03
12/08/2010,70.69
13/08/2010,70.24
16/08/2010,69.41
17/08/2010,70.69
18/08/2010,70.63
19/08/2010,70.09
20/08/2010,69.29
23/08/2010,69.64
24/08/2010,67.41
25/08/2010,66.0
26/08/2010,67.88
27/08/2010,68.63
31/08/2010,69.49
01/09/2010,71.48
02/09/2010,72.12
03/09/2010,72.72
07/09/2010,72.51
08/09/2010,72.32
09/09/2010,74.67
10/09/2010,75.62
13/09/2010,77.61
14/09/2010,77.14
15/09/2010,77.34
16/09/2010,76.32
17/09/2010,75.34
20/09/2010,77.41
21/09/2010,76.9
22/09/2010,75.85
23/09/2010,75.09
24/09/2010,76.65
27/09/2010,75.84
28/09/2010,75.25
29/09/2010,74.3
30/09/2010,74.12
01/10/2010,73.5
04/10/2010,73.33
05/10/2010,75.67
06/10/2010,76.39
07/10/2010,73.9
08/10/2010,73.4
11/10/2010,73.8
12/10/2010,72.65
13/10/2010,72.6
14/10/2010,70.47
15/10/2010,70.18
18/10/2010,72.2
19/10/2010,70.5
20/10/2010,70.3
21/10/2010,70.36
22/10/2010,71.85
25/10/2010,68.0
26/10/2010,67.99
27/10/2010,69.12
28/10/2010,67.9
29/10/2010,68.94
01/11/2010,69.6
02/11/2010,67.39
03/11/2010,69.2
04/11/2010,70.25
05/11/2010,69.81
08/11/2010,68.63
09/11/2010,68.48
10/11/2010,67.59
11/11/2010,68.59
12/11/2010,69.57
15/11/2010,69.87
16/11/2010,66.6
17/11/2010,66.4
18/11/2010,67.79
19/11/2010,66.72
22/11/2010,63.93
23/11/2010,63.35
24/11/2010,64.38
26/11/2010,61.85
29/11/2010,60.54
30/11/2010,60.41
01/12/2010,64.05
02/12/2010,66.56
03/12/2010,66.37
06/12/2010,66.1
07/12/2010,66.7
08/12/2010,67.65
09/12/2010,68.28
10/12/2010,68.4
13/12/2010,68.82
14/12/2010,69.34
15/12/2010,68.51
16/12/2010,68.96
17/12/2010,66.5
20/12/2010,66.87
21/12/2010,68.49
22/12/2010,68.95
23/12/2010,68.52
29/12/2010,67.64
30/12/2010,66.98
31/12/2010,65.7
04/01/2011,67.84
05/01/2011,68.53
06/01/2011,67.25
07/01/2011,66.43
10/01/2011,65.19
11/01/2011,66.18
12/01/2011,67.71
13/01/2011,68.53
14/01/2011,69.61
18/01/2011,67.81
19/01/2011,66.21
20/01/2011,66.81
21/01/2011,67.37
24/01/2011,65.05
25/01/2011,63.15
26/01/2011,63.01
27/01/2011,63.45
28/01/2011,61.9
31/01/2011,63.18
01/02/2011,64.43
02/02/2011,64.36
03/02/2011,63.0
04/02/2011,63.73
07/02/2011,64.57
08/02/2011,65.95
09/02/2011,65.44
10/02/2011,65.8
11/02/2011,66.84
14/02/2011,65.7
15/02/2011,66.88
16/02/2011,67.19
17/02/2011,69.17
18/02/2011,69.3
22/02/2011,66.29
23/02/2011,66.29
24/02/2011,65.78
25/02/2011,62.85
28/02/2011,61.96
01/03/2011,61.75
02/03/2011,62.73
03/03/2011,62.88
04/03/2011,62.12
07/03/2011,61.01
08/03/2011,61.52
09/03/2011,61.39
10/03/2011,60.56
11/03/2011,61.18
14/03/2011,60.63
15/03/2011,60.38
16/03/2011,59.45
17/03/2011,59.37
18/03/2011,59.75
21/03/2011,60.75
22/03/2011,61.16
23/03/2011,60.24
24/03/2011,60.35
25/03/2011,60.09
28/03/2011,60.6
29/03/2011,60.21
30/03/2011,58.55
31/03/2011,58.09
01/04/2011,61.0
04/04/2011,60.32
05/04/2011,59.62
06/04/2011,61.96
07/04/2011,61.86
08/04/2011,62.16
11/04/2011,62.36
12/04/2011,60.32
13/04/2011,60.68
14/04/2011,60.0
15/04/2011,60.11
18/04/2011,58.83
19/04/2011,58.38
20/04/2011,59.09
21/04/2011,59.9
26/04/2011,60.39
27/04/2011,59.79
28/04/2011,59.25
03/05/2011,58.86
04/05/2011,58.02
05/05/2011,53.38
06/05/2011,54.0
09/05/2011,53.58
10/05/2011,54.58
11/05/2011,54.54
12/05/2011,55.0
13/05/2011,54.7
16/05/2011,54.6
17/05/2011,53.74
18/05/2011,53.61
19/05/2011,53.13
20/05/2011,51.61
23/05/2011,50.87
24/05/2011,49.74
25/05/2011,50.74
26/05/2011,51.32
27/05/2011,52.76
31/05/2011,52.0
01/06/2011,50.01
02/06/2011,48.5
03/06/2011,48.74
06/06/2011,46.9
07/06/2011,47.61
08/06/2011,48.68
09/06/2011,47.82
10/06/2011,47.0
13/06/2011,47.64
14/06/2011,48.55
15/06/2011,47.69
16/06/2011,48.05
17/06/2011,48.39
20/06/2011,47.16
21/06/2011,47.31
22/06/2011,47.0
23/06/2011,45.27
24/06/2011,43.4
27/06/2011,43.4
28/06/2011,44.17
29/06/2011,44.66
30/06/2011,49.0
01/07/2011,50.81
05/07/2011,48.78
06/07/2011,47.75
07/07/2011,48.27
08/07/2011,46.56
11/07/2011,44.85
12/07/2011,43.87
13/07/2011,44.4
14/07/2011,45.82
15/07/2011,44.69
18/07/2011,41.35
19/07/2011,43.14
20/07/2011,44.91
21/07/2011,47.56
22/07/2011,47.13
25/07/2011,45.1
26/07/2011,45.17
27/07/2011,43.24
28/07/2011,45.0
29/07/2011,43.35
01/08/2011,41.19
02/08/2011,39.95
03/08/2011,38.96
04/08/2011,34.99
05/08/2011,34.99
08/08/2011,32.81
09/08/2011,32.12
10/08/2011,30.85
11/08/2011,32.21
12/08/2011,33.82
15/08/2011,33.23
16/08/2011,33.26
17/08/2011,32.85
18/08/2011,29.81
19/08/2011,28.38
22/08/2011,27.56
23/08/2011,28.3
24/08/2011,30.11
25/08/2011,30.99
26/08/2011,29.72
30/08/2011,32.03
31/08/2011,33.6
01/09/2011,35.67
02/09/2011,33.12
06/09/2011,30.75
07/09/2011,32.73
08/09/2011,32.9
09/09/2011,31.04
12/09/2011,30.56
13/09/2011,31.83
14/09/2011,33.5
15/09/2011,35.91
16/09/2011,35.81
19/09/2011,33.42
20/09/2011,34.23
21/09/2011,36.16
22/09/2011,32.51
23/09/2011,34.15
26/09/2011,35.23
27/09/2011,37.02
28/09/2011,36.13
29/09/2011,36.49
30/09/2011,34.87
03/10/2011,33.46
04/10/2011,31.8
05/10/2011,33.0
06/10/2011,35.87
07/10/2011,34.66
10/10/2011,35.7
11/10/2011,36.28
12/10/2011,36.25
13/10/2011,34.26
14/10/2011,33.25
17/10/2011,32.42
18/10/2011,32.06
19/10/2011,33.15
20/10/2011,31.65
21/10/2011,32.87
24/10/2011,34.6
25/10/2011,34.98
26/10/2011,34.25
27/10/2011,37.07
28/10/2011,35.15
31/10/2011,32.5
01/11/2011,30.56
02/11/2011,29.21
03/11/2011,28.9
04/11/2011,28.57
07/11/2011,27.69
08/11/2011,28.9
09/11/2011,27.53
10/11/2011,27.17
11/11/2011,28.84
14/11/2011,28.38
15/11/2011,27.3
16/11/2011,26.94
17/11/2011,25.71
18/11/2011,25.2
21/11/2011,23.42
22/11/2011,22.39
23/11/2011,21.84
25/11/2011,23.19
28/11/2011,23.68
29/11/2011,23.18
30/11/2011,24.83
01/12/2011,24.0
02/12/2011,25.39
05/12/2011,27.0
06/12/2011,27.1
07/12/2011,27.09
08/12/2011,25.08
09/12/2011,26.72
12/12/2011,24.43
13/12/2011,24.72
14/12/2011,24.07
15/12/2011,24.08
16/12/2011,24.5
19/12/2011,23.47
20/12/2011,23.62
21/12/2011,24.94
22/12/2011,25.85
23/12/2011,25.69
28/12/2011,25.02
29/12/2011,25.48
30/12/2011,25.91
03/01/2012,27.04
04/01/2012,26.6
05/01/2012,26.35
06/01/2012,27.11
09/01/2012,26.19
10/01/2012,27.31
11/01/2012,28.17
12/01/2012,29.15
13/01/2012,29.5
17/01/2012,29.54
18/01/2012,29.59
19/01/2012,32.27
20/01/2012,32.66
23/01/2012,32.59
24/01/2012,31.68
25/01/2012,30.93
26/01/2012,32.83
27/01/2012,32.43
30/01/2012,31.09
31/01/2012,30.62
01/02/2012,32.2
02/02/2012,32.73
03/02/2012,34.39
06/02/2012,35.3
07/02/2012,35.27
08/02/2012,35.79
09/02/2012,35.59
10/02/2012,34.49
13/02/2012,35.3
14/02/2012,34.29
15/02/2012,33.93
16/02/2012,34.39
17/02/2012,35.46
21/02/2012,35.75
22/02/2012,35.42
23/02/2012,36.58
24/02/2012,35.73
27/02/2012,34.9
28/02/2012,34.84
29/02/2012,34.94
01/03/2012,34.78
02/03/2012,35.64
05/03/2012,35.55
06/03/2012,34.16
07/03/2012,34.26
08/03/2012,34.35
09/03/2012,34.35
12/03/2012,33.67
13/03/2012,34.61
14/03/2012,35.46
15/03/2012,36.46
16/03/2012,37.5
19/03/2012,37.32
20/03/2012,36.19
21/03/2012,35.87
22/03/2012,35.25
23/03/2012,35.98
26/03/2012,35.54
27/03/2012,34.83
28/03/2012,34.44
29/03/2012,33.43
30/03/2012,33.61
02/04/2012,33.58
03/04/2012,32.68
04/04/2012,31.89
05/04/2012,31.38
10/04/2012,29.8
11/04/2012,30.59
12/04/2012,31.92
13/04/2012,30.76
16/04/2012,29.71
17/04/2012,30.95
18/04/2012,29.97
19/04/2012,29.29
20/04/2012,30.1
23/04/2012,29.39
24/04/2012,30.35
25/04/2012,30.5
26/04/2012,31.48
27/04/2012,31.19
30/04/2012,31.01
01/05/2012,33.6
02/05/2012,32.08
03/05/2012,31.65
04/05/2012,32.62
08/05/2012,31.08
09/05/2012,29.91
10/05/2012,31.2
11/05/2012,31.09
14/05/2012,29.38
15/05/2012,28.86
16/05/2012,28.67
17/05/2012,27.65
18/05/2012,25.95
21/05/2012,26.42
22/05/2012,27.62
23/05/2012,26.52
24/05/2012,26.91
25/05/2012,25.8
29/05/2012,25.9
30/05/2012,25.3
31/05/2012,25.38
01/06/2012,25.72
06/06/2012,27.05
07/06/2012,28.0
08/06/2012,28.01
11/06/2012,28.5
12/06/2012,29.16
13/06/2012,29.63
14/06/2012,29.75
15/06/2012,31.3
18/06/2012,30.16
19/06/2012,30.9
20/06/2012,31.2
21/06/2012,31.2
22/06/2012,31.39
25/06/2012,30.41
26/06/2012,30.1
27/06/2012,31.16
28/06/2012,29.94
29/06/2012,31.1
02/07/2012,31.49
03/07/2012,31.81
05/07/2012,30.82
06/07/2012,30.3
09/07/2012,30.19
10/07/2012,30.74
11/07/2012,30.45
12/07/2012,30.17
13/07/2012,30.2
16/07/2012,29.9
17/07/2012,29.86
18/07/2012,29.78
19/07/2012,30.24
20/07/2012,29.94
23/07/2012,29.29
24/07/2012,28.76
25/07/2012,29.29
26/07/2012,29.14
27/07/2012,30.21
30/07/2012,31.09
31/07/2012,30.36
01/08/2012,30.7
02/08/2012,29.39
03/08/2012,30.61
06/08/2012,31.36
07/08/2012,31.68
08/08/2012,31.56
09/08/2012,31.6
10/08/2012,31.38
13/08/2012,31.64
14/08/2012,31.88
15/08/2012,31.96
16/08/2012,32.99
17/08/2012,34.22
20/08/2012,34.43
21/08/2012,34.81
22/08/2012,34.59
23/08/2012,34.05
24/08/2012,33.98
28/08/2012,34.05
29/08/2012,33.49
30/08/2012,33.24
31/08/2012,33.31
04/09/2012,32.89
05/09/2012,33.93
06/09/2012,36.2
07/09/2012,37.02
10/09/2012,37.02
11/09/2012,37.07
12/09/2012,38.51
13/09/2012,38.89
14/09/2012,40.01
17/09/2012,39.85
18/09/2012,38.86
19/09/2012,39.5
20/09/2012,39.32
21/09/2012,40.17
24/09/2012,40.08
25/09/2012,40.62
26/09/2012,38.9
27/09/2012,39.23
28/09/2012,38.83
01/10/2012,39.98
02/10/2012,39.03
03/10/2012,38.8
04/10/2012,38.03
05/10/2012,37.81
08/10/2012,37.04
09/10/2012,37.01
10/10/2012,38.48
11/10/2012,39.25
12/10/2012,39.7
15/10/2012,40.32
16/10/2012,42.76
17/10/2012,42.14
18/10/2012,41.87
19/10/2012,40.49
22/10/2012,40.82
23/10/2012,40.29
24/10/2012,40.45
25/10/2012,40.69
26/10/2012,40.47
29/10/2012,40.46
30/10/2012,41.11
31/10/2012,40.58
01/11/2012,43.94
02/11/2012,43.43
05/11/2012,42.85
06/11/2012,44.91
07/11/2012,44.48
08/11/2012,44.0
09/11/2012,43.61
12/11/2012,45.14
13/11/2012,46.52
14/11/2012,46.36
15/11/2012,45.7
16/11/2012,43.98
19/11/2012,45.15
20/11/2012,45.28
21/11/2012,45.74
23/11/2012,46.41
26/11/2012,45.1
27/11/2012,46.42
28/11/2012,45.94
29/11/2012,46.64
30/11/2012,46.5
03/12/2012,45.74
04/12/2012,45.97
05/12/2012,46.29
06/12/2012,46.5
07/12/2012,46.75
10/12/2012,46.72
11/12/2012,46.47
12/12/2012,46.76
13/12/2012,46.68
14/12/2012,46.72
17/12/2012,46.84
18/12/2012,47.14
19/12/2012,49.2
20/12/2012,49.25
21/12/2012,48.33
24/12/2012,48.1
27/12/2012,49.1
28/12/2012,48.69
31/12/2012,47.92
02/01/2013,49.69
03/01/2013,49.71
04/01/2013,49.86
07/01/2013,50.5
08/01/2013,50.86
09/01/2013,53.37
10/01/2013,53.3
11/01/2013,54.04
14/01/2013,54.92
15/01/2013,54.37
16/01/2013,53.01
17/01/2013,53.28
18/01/2013,53.36
22/01/2013,52.82
23/01/2013,52.02
24/01/2013,53.48
25/01/2013,53.45
28/01/2013,53.14
29/01/2013,51.93
30/01/2013,51.04
31/01/2013,51.66
01/02/2013,51.64
04/02/2013,50.66
05/02/2013,51.48
06/02/2013,52.12
07/02/2013,51.89
08/02/2013,52.79
11/02/2013,52.75
12/02/2013,55.45
13/02/2013,55.3
14/02/2013,54.88
15/02/2013,54.66
19/02/2013,55.26
20/02/2013,55.68
21/02/2013,53.97
22/02/2013,54.86
25/02/2013,54.93
26/02/2013,53.14
27/02/2013,53.7
28/02/2013,54.47
01/03/2013,53.25
04/03/2013,51.3
05/03/2013,52.04
06/03/2013,51.02
07/03/2013,49.86
08/03/2013,50.07
11/03/2013,50.0
12/03/2013,50.6
13/03/2013,51.37
14/03/2013,50.76
15/03/2013,50.52
18/03/2013,49.85
19/03/2013,49.41
20/03/2013,49.56
21/03/2013,49.0
22/03/2013,48.63
25/03/2013,47.82
26/03/2013,47.65
27/03/2013,48.7
28/03/2013,48.69
02/04/2013,49.38
03/04/2013,49.09
04/04/2013,48.15
05/04/2013,47.02
08/04/2013,46.31
09/04/2013,47.18
10/04/2013,48.36
11/04/2013,48.68
12/04/2013,48.69
15/04/2013,48.55
16/04/2013,48.35
17/04/2013,48.23
18/04/2013,47.09
19/04/2013,47.49
22/04/2013,49.13
23/04/2013,51.08
24/04/2013,51.95
25/04/2013,53.17
26/04/2013,52.91
29/04/2013,53.5
30/04/2013,54.33
01/05/2013,54.2
02/05/2013,54.26
03/05/2013,54.05
07/05/2013,55.19
08/05/2013,56.08
09/05/2013,58.06
10/05/2013,58.94
13/05/2013,58.09
14/05/2013,58.86
15/05/2013,59.37
16/05/2013,60.91
17/05/2013,62.84
20/05/2013,62.2
21/05/2013,61.53
22/05/2013,62.96
23/05/2013,60.62
24/05/2013,60.08
28/05/2013,61.32
29/05/2013,60.64
30/05/2013,61.8
31/05/2013,62.11
03/06/2013,61.62
04/06/2013,62.56
05/06/2013,62.01
06/06/2013,60.86
07/06/2013,62.32
10/06/2013,61.56
11/06/2013,61.19
12/06/2013,60.37
13/06/2013,61.32
14/06/2013,61.3
17/06/2013,61.3
18/06/2013,62.18
19/06/2013,61.76
20/06/2013,61.23
21/06/2013,61.0
24/06/2013,60.4
25/06/2013,61.24
26/06/2013,62.48
27/06/2013,62.86
28/06/2013,63.16
01/07/2013,64.03
02/07/2013,62.95
03/07/2013,63.38
04/07/2013,65.86
05/07/2013,64.63
08/07/2013,67.1
09/07/2013,66.35
10/07/2013,66.1
11/07/2013,66.25
12/07/2013,67.73
15/07/2013,69.44
16/07/2013,68.75
17/07/2013,70.0
18/07/2013,70.03
19/07/2013,69.25
22/07/2013,69.21
23/07/2013,68.11
24/07/2013,69.14
25/07/2013,68.78
26/07/2013,68.37
29/07/2013,68.7
30/07/2013,67.65
31/07/2013,68.47
01/08/2013,74.0
02/08/2013,73.73
05/08/2013,75.69
06/08/2013,74.26
07/08/2013,73.47
08/08/2013,74.02
09/08/2013,75.11
12/08/2013,75.49
13/08/2013,75.78
14/08/2013,77.14
15/08/2013,75.05
16/08/2013,76.4
19/08/2013,75.0
20/08/2013,73.8
21/08/2013,73.86
22/08/2013,74.64
23/08/2013,74.79
27/08/2013,72.63
28/08/2013,73.89
29/08/2013,73.84
30/08/2013,72.55
02/09/2013,73.32
03/09/2013,72.68
04/09/2013,72.63
05/09/2013,74.77
06/09/2013,75.41
09/09/2013,76.78
10/09/2013,78.0
11/09/2013,75.99
12/09/2013,75.8
13/09/2013,76.61
16/09/2013,77.36
17/09/2013,74.65
18/09/2013,76.25
19/09/2013,76.6
20/09/2013,76.25
23/09/2013,73.91
24/09/2013,74.21
25/09/2013,75.12
26/09/2013,75.0
27/09/2013,74.23
30/09/2013,73.58
01/10/2013,74.64
02/10/2013,74.46
03/10/2013,75.0
04/10/2013,74.91
07/10/2013,74.33
08/10/2013,72.52
09/10/2013,72.92
10/10/2013,74.92
11/10/2013,76.02
14/10/2013,75.66
15/10/2013,76.55
16/10/2013,76.49
17/10/2013,76.79
18/10/2013,76.5
21/10/2013,76.9
22/10/2013,78.12
23/10/2013,77.91
24/10/2013,80.12
25/10/2013,80.37
28/10/2013,79.62
29/10/2013,78.01
30/10/2013,77.67
31/10/2013,77.53
01/11/2013,77.72
04/11/2013,77.04
05/11/2013,75.16
06/11/2013,74.62
07/11/2013,73.87
08/11/2013,75.16
11/11/2013,76.77
12/11/2013,76.15
13/11/2013,74.99
14/11/2013,75.7
15/11/2013,75.38
18/11/2013,76.17
19/11/2013,75.08
20/11/2013,75.02
21/11/2013,75.46
22/11/2013,74.62
25/11/2013,75.4
26/11/2013,75.21
27/11/2013,77.27
28/11/2013,76.87
29/11/2013,77.4
02/12/2013,78.58
03/12/2013,78.0
04/12/2013,76.76
05/12/2013,77.19
06/12/2013,78.24
09/12/2013,78.2
10/12/2013,78.16
11/12/2013,77.38
12/12/2013,75.62
13/12/2013,75.39
16/12/2013,76.63
17/12/2013,76.03
18/12/2013,76.03
19/12/2013,77.5
20/12/2013,77.31
23/12/2013,78.4
24/12/2013,78.2
27/12/2013,78.84
30/12/2013,78.42
31/12/2013,78.88
02/01/2014,79.12
03/01/2014,79.76
06/01/2014,80.11
07/01/2014,82.51
08/01/2014,83.8
09/01/2014,85.26
10/01/2014,83.04
13/01/2014,84.03
14/01/2014,85.33
15/01/2014,86.3
16/01/2014,84.1
17/01/2014,83.52
20/01/2014,83.18
21/01/2014,83.57
22/01/2014,83.03
23/01/2014,83.03
24/01/2014,81.36
27/01/2014,80.4
28/01/2014,82.85
29/01/2014,82.08
30/01/2014,83.55
31/01/2014,83.3
03/02/2014,79.99
04/02/2014,81.05
05/02/2014,81.48
06/02/2014,82.66
07/02/2014,81.8
10/02/2014,82.87
11/02/2014,83.38
12/02/2014,83.53
13/02/2014,81.32
14/02/2014,80.45
17/02/2014,81.76
18/02/2014,82.5
19/02/2014,81.21
20/02/2014,81.13
21/02/2014,80.79
24/02/2014,81.6
25/02/2014,81.23
26/02/2014,80.83
27/02/2014,81.66
28/02/2014,82.53
03/03/2014,81.27
04/03/2014,80.9
05/03/2014,80.73
06/03/2014,81.7
07/03/2014,81.35
10/03/2014,81.5
11/03/2014,81.11
12/03/2014,80.62
13/03/2014,79.55
14/03/2014,78.38
17/03/2014,79.5
18/03/2014,79.71
19/03/2014,79.06
20/03/2014,78.75
21/03/2014,77.37
24/03/2014,78.5
25/03/2014,79.11
26/03/2014,75.2
27/03/2014,75.38
28/03/2014,74.34
31/03/2014,74.65
01/04/2014,75.67
02/04/2014,76.9
03/04/2014,76.18
04/04/2014,77.46
07/04/2014,75.38
08/04/2014,73.9
09/04/2014,74.5
10/04/2014,74.55
11/04/2014,72.97
14/04/2014,72.58
15/04/2014,70.94
16/04/2014,72.86
17/04/2014,74.28
22/04/2014,74.37
23/04/2014,74.8
24/04/2014,75.49
25/04/2014,74.84
28/04/2014,73.98
29/04/2014,74.87
30/04/2014,75.36
01/05/2014,79.5
02/05/2014,79.62
06/05/2014,78.5
07/05/2014,76.72
08/05/2014,76.94
09/05/2014,76.37
12/05/2014,77.0
13/05/2014,76.89
14/05/2014,77.1
15/05/2014,73.76
16/05/2014,73.47
19/05/2014,73.99
20/05/2014,74.67
21/05/2014,74.34
22/05/2014,74.81
23/05/2014,75.96
27/05/2014,75.96
28/05/2014,77.91
29/05/2014,77.41
30/05/2014,77.86
02/06/2014,77.39
03/06/2014,77.05
04/06/2014,78.04
05/06/2014,78.8
06/06/2014,80.15
09/06/2014,78.82
10/06/2014,78.45
11/06/2014,79.06
12/06/2014,79.48
13/06/2014,77.58
16/06/2014,76.66
17/06/2014,77.99
18/06/2014,77.66
19/06/2014,77.4
20/06/2014,76.7
23/06/2014,75.45
24/06/2014,75.0
25/06/2014,74.53
26/06/2014,75.39
27/06/2014,75.35
30/06/2014,74.25
01/07/2014,75.51
02/07/2014,75.7
03/07/2014,76.4
04/07/2014,75.68
07/07/2014,75.1
08/07/2014,73.37
09/07/2014,72.9
10/07/2014,73.11
11/07/2014,72.67
14/07/2014,73.15
15/07/2014,72.87
16/07/2014,74.44
17/07/2014,73.17
18/07/2014,73.42
21/07/2014,72.59
22/07/2014,73.3
23/07/2014,73.63
24/07/2014,73.95
25/07/2014,74.81
28/07/2014,74.84
29/07/2014,75.63
30/07/2014,76.41
31/07/2014,74.25
01/08/2014,73.33
04/08/2014,73.34
05/08/2014,72.9
06/08/2014,72.23
07/08/2014,71.92
08/08/2014,72.21
11/08/2014,73.11
12/08/2014,73.24
13/08/2014,73.68
14/08/2014,73.5
15/08/2014,73.59
18/08/2014,74.05
19/08/2014,74.6
20/08/2014,75.06
21/08/2014,75.24
22/08/2014,76.25
26/08/2014,76.49
27/08/2014,76.83
28/08/2014,76.28
29/08/2014,76.27
01/09/2014,75.85
02/09/2014,74.82
03/09/2014,75.03
04/09/2014,75.0
05/09/2014,74.0
08/09/2014,72.2
09/09/2014,73.25
10/09/2014,73.23
11/09/2014,74.08
12/09/2014,74.58
15/09/2014,73.54
16/09/2014,73.5
17/09/2014,74.84
18/09/2014,75.87
19/09/2014,76.82
22/09/2014,76.24
23/09/2014,75.14
24/09/2014,75.39
25/09/2014,76.2
26/09/2014,76.66
29/09/2014,76.5
30/09/2014,76.87
01/10/2014,76.73
02/10/2014,75.2
03/10/2014,77.25
06/10/2014,77.2
07/10/2014,75.9
08/10/2014,75.31
09/10/2014,75.27
10/10/2014,74.68
13/10/2014,74.87
14/10/2014,75.56
15/10/2014,73.48
16/10/2014,72.27
17/10/2014,74.63
20/10/2014,74.69
21/10/2014,75.88
22/10/2014,75.88
23/10/2014,76.33
24/10/2014,76.72
27/10/2014,75.34
28/10/2014,73.5
29/10/2014,74.48
30/10/2014,75.17
31/10/2014,77.13
03/11/2014,76.8
04/11/2014,76.3
05/11/2014,77.26
06/11/2014,76.55
07/11/2014,76.27
10/11/2014,76.66
11/11/2014,76.4
12/11/2014,75.76
13/11/2014,76.67
14/11/2014,77.02
17/11/2014,77.27
18/11/2014,77.91
19/11/2014,78.57
20/11/2014,78.12
21/11/2014,78.49
24/11/2014,78.81
25/11/2014,79.59
26/11/2014,79.53
27/11/2014,79.95
28/11/2014,80.35
01/12/2014,79.68
02/12/2014,80.41
03/12/2014,79.65
04/12/2014,79.57
05/12/2014,80.89
08/12/2014,80.41
09/12/2014,78.54
10/12/2014,78.6
11/12/2014,78.2
12/12/2014,76.13
15/12/2014,74.4
16/12/2014,76.86
17/12/2014,75.35
18/12/2014,75.37
19/12/2014,76.16
22/12/2014,76.57
23/12/2014,76.89
24/12/2014,76.8
29/12/2014,76.25
30/12/2014,75.55
31/12/2014,75.82
02/01/2015,76.15
05/01/2015,74.62
06/01/2015,72.87
07/01/2015,73.01
08/01/2015,74.1
09/01/2015,73.74
12/01/2015,73.57
13/01/2015,74.01
14/01/2015,72.9
15/01/2015,74.18
16/01/2015,74.44
19/01/2015,74.65
20/01/2015,75.5
21/01/2015,75.59
22/01/2015,75.65
23/01/2015,75.53
26/01/2015,76.0
27/01/2015,75.13
28/01/2015,74.76
29/01/2015,74.86
30/01/2015,73.75
02/02/2015,73.67
03/02/2015,74.97
04/02/2015,74.55
05/02/2015,75.53
06/02/2015,75.81
09/02/2015,74.92
10/02/2015,75.01
11/02/2015,74.39
12/02/2015,74.43
13/02/2015,75.35
16/02/2015,75.73
17/02/2015,77.03
18/02/2015,77.29
19/02/2015,77.23
20/02/2015,77.98
23/02/2015,79.02
24/02/2015,79.21
25/02/2015,79.24
26/02/2015,78.5
27/02/2015,79.0
02/03/2015,79.99
03/03/2015,79.44
04/03/2015,79.87
05/03/2015,80.94
06/03/2015,81.43
09/03/2015,80.37
10/03/2015,78.75
11/03/2015,78.16
12/03/2015,79.2
13/03/2015,79.0
16/03/2015,79.35
17/03/2015,79.46
18/03/2015,79.5
19/03/2015,79.5
20/03/2015,80.63
23/03/2015,80.48
24/03/2015,80.59
25/03/2015,80.5
26/03/2015,79.73
27/03/2015,79.05
30/03/2015,79.39
31/03/2015,78.28
01/04/2015,79.39
02/04/2015,79.08
07/04/2015,80.1
08/04/2015,79.68
09/04/2015,79.68
10/04/2015,79.3
13/04/2015,79.4
14/04/2015,79.9
15/04/2015,80.34
16/04/2015,79.9
17/04/2015,78.75
20/04/2015,78.59
21/04/2015,79.02
22/04/2015,78.23
23/04/2015,78.99
24/04/2015,79.1
27/04/2015,78.65
28/04/2015,78.0
29/04/2015,77.42
30/04/2015,77.38
01/05/2015,82.87
05/05/2015,82.41
06/05/2015,82.68
07/05/2015,82.13
08/05/2015,86.85
11/05/2015,86.6
12/05/2015,87.02
13/05/2015,88.74
14/05/2015,88.82
15/05/2015,89.0
18/05/2015,89.0
19/05/2015,88.0
20/05/2015,87.73
21/05/2015,87.84
22/05/2015,87.98
26/05/2015,86.82
27/05/2015,87.41
28/05/2015,87.94
29/05/2015,87.77
01/06/2015,88.66
02/06/2015,88.65
03/06/2015,88.93
04/06/2015,87.5
05/06/2015,87.09
08/06/2015,86.43
09/06/2015,86.48
10/06/2015,86.73
11/06/2015,87.12
12/06/2015,86.95
15/06/2015,86.38
16/06/2015,85.7
17/06/2015,86.35
18/06/2015,86.13
19/06/2015,86.5
22/06/2015,87.08
23/06/2015,87.0
24/06/2015,87.13
25/06/2015,87.52
26/06/2015,87.06
29/06/2015,85.87
30/06/2015,85.24
01/07/2015,86.86
02/07/2015,86.21
03/07/2015,85.14
06/07/2015,84.15
07/07/2015,84.0
08/07/2015,82.33
09/07/2015,83.56
10/07/2015,84.33
13/07/2015,85.3
14/07/2015,85.65
15/07/2015,85.66
16/07/2015,86.51
17/07/2015,87.4
20/07/2015,87.59
21/07/2015,87.65
22/07/2015,87.17
23/07/2015,86.29
24/07/2015,85.36
27/07/2015,84.82
28/07/2015,85.14
29/07/2015,85.6
30/07/2015,86.02
31/07/2015,83.2
03/08/2015,83.07
04/08/2015,82.47
05/08/2015,82.9
06/08/2015,83.3
07/08/2015,82.13
10/08/2015,81.3
11/08/2015,81.08
12/08/2015,80.16
13/08/2015,79.45
14/08/2015,80.1
17/08/2015,80.0
18/08/2015,80.28
19/08/2015,78.91
20/08/2015,78.36
21/08/2015,75.85
24/08/2015,73.46
25/08/2015,76.68
26/08/2015,76.08
27/08/2015,76.08
28/08/2015,77.38
01/09/2015,75.56
02/09/2015,75.86
03/09/2015,76.92
04/09/2015,75.52
07/09/2015,75.67
08/09/2015,75.88
09/09/2015,77.0
10/09/2015,76.32
11/09/2015,75.78
14/09/2015,74.49
15/09/2015,75.58
16/09/2015,75.5
17/09/2015,74.3
18/09/2015,72.71
21/09/2015,74.23
22/09/2015,72.3
23/09/2015,72.95
24/09/2015,73.84
25/09/2015,75.51
28/09/2015,74.09
29/09/2015,73.36
30/09/2015,75.16
01/10/2015,75.22
02/10/2015,76.55
05/10/2015,77.27
06/10/2015,76.91
07/10/2015,76.68
08/10/2015,76.28
09/10/2015,77.21
12/10/2015,75.9
13/10/2015,74.75
14/10/2015,73.88
15/10/2015,74.63
16/10/2015,75.2
19/10/2015,75.47
20/10/2015,75.58
21/10/2015,76.31
22/10/2015,76.73
23/10/2015,77.83
26/10/2015,77.5
27/10/2015,77.4
28/10/2015,74.0
29/10/2015,74.22
30/10/2015,73.73
02/11/2015,75.0
03/11/2015,74.47
04/11/2015,73.85
05/11/2015,72.9
06/11/2015,73.74
09/11/2015,73.0
10/11/2015,72.96
11/11/2015,73.45
12/11/2015,72.54
13/11/2015,72.74
16/11/2015,72.68
17/11/2015,73.84
18/11/2015,74.0
19/11/2015,73.33
20/11/2015,71.78
23/11/2015,71.78
24/11/2015,71.6
25/11/2015,72.17
26/11/2015,73.13
27/11/2015,73.4
30/11/2015,72.96
01/12/2015,74.71
02/12/2015,74.45
03/12/2015,73.0
04/12/2015,73.01
07/12/2015,72.48
08/12/2015,71.31
09/12/2015,70.67
10/12/2015,72.04
11/12/2015,70.01
14/12/2015,68.68
15/12/2015,70.34
16/12/2015,70.53
17/12/2015,71.33
18/12/2015,71.04
21/12/2015,70.95
22/12/2015,71.31
23/12/2015,73.65
24/12/2015,73.5
29/12/2015,74.0
30/12/2015,73.6
31/12/2015,73.07
04/01/2016,71.37
05/01/2016,71.57
06/01/2016,71.0
07/01/2016,69.49
08/01/2016,68.87
11/01/2016,68.93
12/01/2016,69.3
13/01/2016,67.8
14/01/2016,66.53
15/01/2016,64.71
18/01/2016,63.96
19/01/2016,65.78
20/01/2016,64.05
21/01/2016,64.7
22/01/2016,66.86
25/01/2016,63.14
26/01/2016,64.73
27/01/2016,64.92
28/01/2016,64.07
29/01/2016,65.46
01/02/2016,64.19
02/02/2016,61.94
03/02/2016,60.69
04/02/2016,62.77
05/02/2016,61.8
08/02/2016,59.36
09/02/2016,58.13
10/02/2016,58.4
11/02/2016,56.0
12/02/2016,58.48
15/02/2016,59.84
16/02/2016,60.55
17/02/2016,62.79
18/02/2016,62.44
19/02/2016,61.8
22/02/2016,63.12
23/02/2016,62.93
24/02/2016,62.2
25/02/2016,70.64
26/02/2016,72.13
29/02/2016,72.4
01/03/2016,73.07
02/03/2016,73.27
03/03/2016,72.58
04/03/2016,73.24
07/03/2016,72.75
08/03/2016,70.63
09/03/2016,69.77
10/03/2016,68.95
11/03/2016,70.15
14/03/2016,70.31
15/03/2016,69.21
16/03/2016,68.79
17/03/2016,69.3
18/03/2016,69.9
21/03/2016,69.79
22/03/2016,69.36
23/03/2016,68.9
24/03/2016,68.05
29/03/2016,68.0
30/03/2016,67.8
31/03/2016,68.02
01/04/2016,67.95
04/04/2016,68.32
05/04/2016,66.94
06/04/2016,68.08
07/04/2016,64.82
08/04/2016,65.9
11/04/2016,65.52
12/04/2016,66.64
13/04/2016,69.0
14/04/2016,68.8
15/04/2016,68.2
18/04/2016,68.45
19/04/2016,67.85
20/04/2016,67.76
21/04/2016,68.7
22/04/2016,68.0
25/04/2016,67.59
26/04/2016,70.0
27/04/2016,69.25
28/04/2016,68.11
29/04/2016,67.07
03/05/2016,65.59
04/05/2016,64.79
05/05/2016,64.08
06/05/2016,65.01
09/05/2016,64.37
10/05/2016,65.42
11/05/2016,65.69
12/05/2016,64.91
13/05/2016,66.4
16/05/2016,66.67
17/05/2016,67.28
18/05/2016,69.5
19/05/2016,69.08
20/05/2016,70.34
23/05/2016,70.22
24/05/2016,72.42
25/05/2016,73.74
26/05/2016,72.81
27/05/2016,72.45
31/05/2016,72.02
01/06/2016,71.34
02/06/2016,70.53
03/06/2016,70.0
06/06/2016,69.64
07/06/2016,70.25
08/06/2016,69.86
09/06/2016,69.11
10/06/2016,67.05
13/06/2016,64.23
14/06/2016,62.18
15/06/2016,63.0
16/06/2016,61.36
17/06/2016,65.05
20/06/2016,70.0
21/06/2016,70.33
22/06/2016,70.55
23/06/2016,72.15
24/06/2016,57.0
27/06/2016,51.15
28/06/2016,54.95
29/06/2016,55.52
30/06/2016,54.06
01/07/2016,54.35
04/07/2016,53.13
05/07/2016,51.02
06/07/2016,47.55
07/07/2016,49.7
08/07/2016,52.6
11/07/2016,54.85
12/07/2016,56.25
13/07/2016,55.32
14/07/2016,56.2
15/07/2016,55.99
18/07/2016,55.59
19/07/2016,55.43
20/07/2016,56.77
21/07/2016,56.2
22/07/2016,54.49
25/07/2016,53.8
26/07/2016,54.13
27/07/2016,55.75
28/07/2016,52.5
29/07/2016,53.15
01/08/2016,53.25
02/08/2016,52.73
03/08/2016,52.99
04/08/2016,51.95
05/08/2016,53.15
08/08/2016,54.55
09/08/2016,55.04
10/08/2016,55.49
11/08/2016,55.22
12/08/2016,55.4
15/08/2016,54.5
16/08/2016,53.95
17/08/2016,53.48
18/08/2016,53.87
19/08/2016,55.24
22/08/2016,55.54
23/08/2016,57.59
24/08/2016,59.27
25/08/2016,58.37
26/08/2016,58.01
30/08/2016,58.86
31/08/2016,59.35
01/09/2016,60.64
02/09/2016,60.95
05/09/2016,59.65
06/09/2016,58.08
07/09/2016,57.62
08/09/2016,58.86
09/09/2016,59.31
12/09/2016,56.97
13/09/2016,56.39
14/09/2016,56.82
15/09/2016,56.73
16/09/2016,56.51
19/09/2016,57.0
20/09/2016,56.44
21/09/2016,57.1
22/09/2016,57.15
23/09/2016,55.98
27/09/2016,54.64
28/09/2016,55.53
29/09/2016,55.49
30/09/2016,54.55
03/10/2016,54.71
04/10/2016,54.77
05/10/2016,54.7
06/10/2016,54.99
07/10/2016,52.5
10/10/2016,52.38
11/10/2016,53.64
12/10/2016,53.03
13/10/2016,52.53
14/10/2016,52.43
17/10/2016,52.82
18/10/2016,53.94
19/10/2016,54.87
20/10/2016,55.56
21/10/2016,55.14
24/10/2016,54.97
25/10/2016,55.35
26/10/2016,55.88
27/10/2016,57.5
28/10/2016,57.74
31/10/2016,57.26
01/11/2016,56.24
02/11/2016,55.15
03/11/2016,56.03
04/11/2016,55.46
07/11/2016,56.07
08/11/2016,56.24
09/11/2016,57.51
10/11/2016,59.63
11/11/2016,59.5
14/11/2016,60.57
15/11/2016,61.4
16/11/2016,60.41
17/11/2016,59.98
18/11/2016,59.44
21/11/2016,59.11
22/11/2016,59.75
23/11/2016,59.64
24/11/2016,59.68
25/11/2016,58.77
28/11/2016,57.86
29/11/2016,57.71
30/11/2016,57.87
01/12/2016,57.59
02/12/2016,57.55
05/12/2016,58.25
06/12/2016,59.48
07/12/2016,62.27
08/12/2016,62.77
09/12/2016,61.74
12/12/2016,61.38
13/12/2016,62.55
14/12/2016,62.76
15/12/2016,64.37
16/12/2016,63.78
19/12/2016,62.55
20/12/2016,63.94
21/12/2016,64.28
22/12/2016,64.0
23/12/2016,63.8
28/12/2016,63.55
29/12/2016,62.78
30/12/2016,62.51
03/01/2017,64.62
04/01/2017,64.77
05/01/2017,64.65
06/01/2017,65.9
09/01/2017,65.22
10/01/2017,66.58
11/01/2017,66.34
12/01/2017,66.03
13/01/2017,66.04
16/01/2017,64.69
17/01/2017,65.45
18/01/2017,65.19
19/01/2017,64.74
20/01/2017,65.07
23/01/2017,64.4
24/01/2017,64.2
25/01/2017,65.54
26/01/2017,66.17
27/01/2017,65.87
30/01/2017,64.91
31/01/2017,64.93
01/02/2017,65.42
02/02/2017,64.89
03/02/2017,65.85
06/02/2017,66.06
07/02/2017,66.13
08/02/2017,65.58
09/02/2017,66.14
10/02/2017,65.64
13/02/2017,65.85
14/02/2017,66.49
15/02/2017,67.47
16/02/2017,67.25
17/02/2017,66.86
20/02/2017,67.35
21/02/2017,66.77
22/02/2017,69.7
23/02/2017,69.55
24/02/2017,69.28
27/02/2017,69.2
28/02/2017,68.67
01/03/2017,68.84
02/03/2017,68.91
03/03/2017,68.42
06/03/2017,67.51
07/03/2017,67.5
08/03/2017,68.31
09/03/2017,68.55
10/03/2017,68.76
13/03/2017,68.54
14/03/2017,67.85
15/03/2017,68.23
16/03/2017,69.58
17/03/2017,69.34
20/03/2017,69.3
21/03/2017,68.74
22/03/2017,67.63
23/03/2017,68.43
24/03/2017,68.05
27/03/2017,66.95
28/03/2017,66.79
29/03/2017,66.54
30/03/2017,66.65
31/03/2017,66.32
03/04/2017,66.03
04/04/2017,65.51
05/04/2017,65.49
06/04/2017,63.59
07/04/2017,63.02
10/04/2017,63.05
11/04/2017,62.96
12/04/2017,62.54
13/04/2017,62.71
18/04/2017,62.2
19/04/2017,63.66
20/04/2017,64.06
21/04/2017,64.37
24/04/2017,66.24
25/04/2017,66.95
26/04/2017,67.41
27/04/2017,68.97
28/04/2017,69.2
02/05/2017,69.2
03/05/2017,69.06
04/05/2017,70.0
05/05/2017,70.0
08/05/2017,69.45
09/05/2017,69.02
10/05/2017,69.88
11/05/2017,69.66
12/05/2017,68.7
15/05/2017,69.39
16/05/2017,70.15
17/05/2017,71.52
18/05/2017,71.28
19/05/2017,71.78
22/05/2017,71.79
23/05/2017,72.16
24/05/2017,72.57
25/05/2017,73.1
26/05/2017,71.74
30/05/2017,71.12
31/05/2017,70.59
01/06/2017,70.16
02/06/2017,69.35
05/06/2017,69.39
06/06/2017,68.94
07/06/2017,70.08
08/06/2017,70.72
09/06/2017,70.01
12/06/2017,69.1
13/06/2017,68.59
14/06/2017,67.9
15/06/2017,67.99
16/06/2017,68.54
19/06/2017,68.7
20/06/2017,67.01
21/06/2017,67.17
22/06/2017,67.0
23/06/2017,66.68
26/06/2017,66.5
27/06/2017,66.72
28/06/2017,66.6
29/06/2017,67.15
30/06/2017,66.15
03/07/2017,66.71
04/07/2017,66.32
05/07/2017,65.69
06/07/2017,66.68
07/07/2017,66.53
10/07/2017,66.56
11/07/2017,65.55
12/07/2017,66.04
13/07/2017,67.4
14/07/2017,66.94
17/07/2017,67.13
18/07/2017,66.9
19/07/2017,68.08
20/07/2017,68.69
21/07/2017,68.11
24/07/2017,67.89
25/07/2017,69.0
26/07/2017,69.08
27/07/2017,67.5
28/07/2017,66.5
31/07/2017,65.58
01/08/2017,65.57
02/08/2017,65.56
03/08/2017,66.51
04/08/2017,66.81
07/08/2017,66.5
08/08/2017,67.26
09/08/2017,66.91
10/08/2017,64.83
11/08/2017,64.64
14/08/2017,64.86
15/08/2017,65.59
16/08/2017,65.35
17/08/2017,64.4
18/08/2017,63.91
21/08/2017,64.57
22/08/2017,65.04
23/08/2017,65.4
24/08/2017,64.73
25/08/2017,64.91
29/08/2017,63.85
30/08/2017,63.6
31/08/2017,63.82
01/09/2017,63.69
04/09/2017,63.4
05/09/2017,63.1
06/09/2017,63.05
07/09/2017,63.08
08/09/2017,63.77
11/09/2017,63.63
12/09/2017,64.84
13/09/2017,64.98
14/09/2017,66.4
15/09/2017,65.32
18/09/2017,65.3
19/09/2017,66.0
20/09/2017,65.71
21/09/2017,67.45
22/09/2017,66.91
25/09/2017,65.87
26/09/2017,64.99
27/09/2017,67.2
28/09/2017,67.22
29/09/2017,67.73
02/10/2017,67.5
03/10/2017,67.6
04/10/2017,67.6
05/10/2017,67.3
06/10/2017,66.6
09/10/2017,66.55
10/10/2017,67.1
11/10/2017,66.5
12/10/2017,66.3
13/10/2017,65.9
16/10/2017,65.59
17/10/2017,66.33
18/10/2017,66.83
19/10/2017,66.99
20/10/2017,67.0
23/10/2017,67.0
24/10/2017,67.4
25/10/2017,67.94
26/10/2017,68.93
27/10/2017,68.91
30/10/2017,68.07
31/10/2017,68.29
01/11/2017,68.63
02/11/2017,67.94
03/11/2017,67.39
06/11/2017,67.8
07/11/2017,67.3
08/11/2017,66.82
09/11/2017,66.68
10/11/2017,66.48
13/11/2017,66.43
14/11/2017,66.65
15/11/2017,66.25
16/11/2017,66.06
17/11/2017,65.99
20/11/2017,66.12
21/11/2017,65.72
22/11/2017,65.9
23/11/2017,65.72
24/11/2017,66.09
27/11/2017,65.49
28/11/2017,64.83
29/11/2017,67.1
30/11/2017,66.0
01/12/2017,64.75
04/12/2017,65.38
05/12/2017,65.15
06/12/2017,64.81
07/12/2017,64.51
08/12/2017,66.8
11/12/2017,66.64
12/12/2017,67.4
13/12/2017,67.36
14/12/2017,66.31
15/12/2017,66.41
18/12/2017,66.75
19/12/2017,67.15
20/12/2017,66.57
21/12/2017,67.31
22/12/2017,67.21
27/12/2017,67.78
28/12/2017,67.57
29/12/2017,68.06
02/01/2018,67.7
03/01/2018,67.47
04/01/2018,68.06
05/01/2018,68.07
08/01/2018,68.06
09/01/2018,68.4
10/01/2018,68.98
11/01/2018,69.83
12/01/2018,70.5
15/01/2018,70.6
16/01/2018,70.49
17/01/2018,70.43
18/01/2018,70.93
19/01/2018,71.48
22/01/2018,71.96
23/01/2018,72.12
24/01/2018,72.0
25/01/2018,71.25
26/01/2018,71.26
29/01/2018,71.55
30/01/2018,70.52
31/01/2018,69.51
01/02/2018,69.32
02/02/2018,68.75
05/02/2018,68.11
06/02/2018,66.17
07/02/2018,67.36
08/02/2018,67.6
09/02/2018,66.55
12/02/2018,66.47
13/02/2018,66.48
14/02/2018,66.65
15/02/2018,67.08
16/02/2018,67.73
19/02/2018,67.95
20/02/2018,67.85
21/02/2018,69.72
22/02/2018,69.18
23/02/2018,68.65
26/02/2018,68.55
27/02/2018,69.03
28/02/2018,68.8
01/03/2018,68.32
02/03/2018,67.0
05/03/2018,67.0
06/03/2018,66.56
07/03/2018,67.25
08/03/2018,67.5
09/03/2018,67.29
12/03/2018,67.5
13/03/2018,66.94
14/03/2018,66.69
15/03/2018,66.8
16/03/2018,67.5
19/03/2018,67.13
20/03/2018,67.87
21/03/2018,67.16
22/03/2018,66.06
23/03/2018,64.76
26/03/2018,64.64
27/03/2018,65.03
28/03/2018,64.91
29/03/2018,64.66
03/04/2018,65.13
04/04/2018,65.16
05/04/2018,66.18
06/04/2018,66.32
09/04/2018,66.65
10/04/2018,67.06
11/04/2018,67.01
12/04/2018,68.15
13/04/2018,68.15
16/04/2018,67.68
17/04/2018,67.66
18/04/2018,67.62
19/04/2018,66.09
20/04/2018,65.7
23/04/2018,66.44
24/04/2018,66.12
25/04/2018,65.0
26/04/2018,64.9
27/04/2018,64.79
30/04/2018,64.66
01/05/2018,64.34
02/05/2018,64.33
03/05/2018,64.68
04/05/2018,65.38
08/05/2018,65.88
09/05/2018,66.54
10/05/2018,66.86
11/05/2018,67.08
14/05/2018,66.67
15/05/2018,66.78
16/05/2018,65.69
17/05/2018,66.23
18/05/2018,66.03
21/05/2018,66.47
22/05/2018,67.02
23/05/2018,66.63
24/05/2018,66.0
25/05/2018,65.67
29/05/2018,64.29
30/05/2018,64.2
31/05/2018,63.21
01/06/2018,63.35
04/06/2018,63.59
05/06/2018,62.49
06/06/2018,63.68
07/06/2018,63.64
08/06/2018,62.9
11/06/2018,63.0
12/06/2018,63.17
13/06/2018,62.85
14/06/2018,63.13
15/06/2018,62.08
18/06/2018,61.57
19/06/2018,61.53
20/06/2018,61.67
21/06/2018,61.36
22/06/2018,62.12
25/06/2018,61.24
26/06/2018,61.42
27/06/2018,61.42
28/06/2018,62.55
29/06/2018,63.05
02/07/2018,62.31
03/07/2018,62.01
04/07/2018,62.3
05/07/2018,62.37
06/07/2018,62.49
09/07/2018,62.94
10/07/2018,62.5
11/07/2018,62.33
12/07/2018,62.56
13/07/2018,62.41
16/07/2018,62.49
17/07/2018,62.45
18/07/2018,62.52
19/07/2018,62.46
20/07/2018,62.63
23/07/2018,62.29
24/07/2018,62.98
25/07/2018,62.44
26/07/2018,62.56
27/07/2018,62.6
30/07/2018,62.39
31/07/2018,62.38
01/08/2018,63.41
02/08/2018,62.71
03/08/2018,62.55
06/08/2018,62.57
07/08/2018,62.35
08/08/2018,62.18
09/08/2018,62.11
10/08/2018,61.86
13/08/2018,61.38
14/08/2018,60.98
15/08/2018,60.47
16/08/2018,60.1
17/08/2018,60.16
20/08/2018,60.37
21/08/2018,60.79
22/08/2018,61.0
23/08/2018,60.76
24/08/2018,60.84
28/08/2018,60.79
29/08/2018,60.46
30/08/2018,59.9
31/08/2018,59.3
03/09/2018,59.62
04/09/2018,60.35
05/09/2018,60.61
06/09/2018,59.91
07/09/2018,58.74
10/09/2018,59.37
11/09/2018,59.23
12/09/2018,58.88
13/09/2018,59.24
14/09/2018,58.88
17/09/2018,59.29
18/09/2018,59.5
19/09/2018,60.53
20/09/2018,61.59
21/09/2018,61.86
24/09/2018,61.66
25/09/2018,60.9
26/09/2018,60.74
27/09/2018,61.0
28/09/2018,59.27
01/10/2018,58.54
02/10/2018,57.47
03/10/2018,58.39
04/10/2018,58.93
05/10/2018,58.93
08/10/2018,58.16
09/10/2018,57.3
10/10/2018,59.11
11/10/2018,59.11
12/10/2018,58.15
15/10/2018,57.73
16/10/2018,57.36
17/10/2018,57.32
18/10/2018,56.99
19/10/2018,56.13
22/10/2018,56.43
23/10/2018,56.39
24/10/2018,56.66
25/10/2018,57.72
26/10/2018,56.83
29/10/2018,57.18
30/10/2018,56.82
31/10/2018,57.22
01/11/2018,58.85
02/11/2018,59.49
05/11/2018,58.57
06/11/2018,57.71
07/11/2018,58.25
08/11/2018,59.65
09/11/2018,59.95
12/11/2018,57.92
13/11/2018,58.78
14/11/2018,58.39
15/11/2018,55.45
16/11/2018,54.5
19/11/2018,55.83
20/11/2018,55.36
21/11/2018,56.23
22/11/2018,56.0
23/11/2018,57.2
26/11/2018,57.3
27/11/2018,56.39
28/11/2018,56.34
29/11/2018,56.14
30/11/2018,55.36
03/12/2018,55.95
04/12/2018,55.41
05/12/2018,56.2
06/12/2018,54.69
07/12/2018,54.05
10/12/2018,52.89
11/12/2018,52.33
12/12/2018,53.35
13/12/2018,53.11
14/12/2018,52.7
17/12/2018,51.9
18/12/2018,51.96
19/12/2018,52.25
20/12/2018,50.99
21/12/2018,51.51
24/12/2018,50.94
27/12/2018,50.03
28/12/2018,51.21
31/12/2018,51.85
02/01/2019,51.0
03/01/2019,51.2
04/01/2019,52.8
07/01/2019,53.35
08/01/2019,53.7
09/01/2019,53.81
10/01/2019,54.78
11/01/2019,54.71
14/01/2019,55.54
15/01/2019,55.54
16/01/2019,56.13
17/01/2019,56.13
18/01/2019,58.0
21/01/2019,58.0
22/01/2019,57.43
23/01/2019,57.3
24/01/2019,57.68
25/01/2019,58.57
28/01/2019,57.0
29/01/2019,56.84
30/01/2019,58.33
31/01/2019,57.9
01/02/2019,58.18
04/02/2019,57.81
05/02/2019,58.04
06/02/2019,58.26
07/02/2019,57.2
08/02/2019,56.88
11/02/2019,57.72
12/02/2019,57.96
13/02/2019,57.86
14/02/2019,57.4
15/02/2019,58.44
18/02/2019,58.32
19/02/2019,58.37
20/02/2019,61.13
21/02/2019,60.33
22/02/2019,60.0
25/02/2019,60.53
26/02/2019,61.9
27/02/2019,62.88
28/02/2019,63.54
01/03/2019,62.85
04/03/2019,63.07
05/03/2019,62.92
06/03/2019,62.91
07/03/2019,62.15
08/03/2019,61.87
11/03/2019,61.79
12/03/2019,62.34
13/03/2019,62.57
14/03/2019,63.8
15/03/2019,64.84
18/03/2019,65.37
19/03/2019,65.43
20/03/2019,65.05
21/03/2019,63.22
22/03/2019,62.31
25/03/2019,62.03
26/03/2019,61.46
27/03/2019,62.4
28/03/2019,61.94
29/03/2019,62.14
01/04/2019,62.9
02/04/2019,63.4
03/04/2019,64.88
04/04/2019,62.62
05/04/2019,62.21
08/04/2019,62.62
09/04/2019,62.92
10/04/2019,62.8
11/04/2019,64.14
12/04/2019,64.8
15/04/2019,65.17
16/04/2019,65.84
17/04/2019,66.57
18/04/2019,65.9
23/04/2019,65.57
24/04/2019,64.76
25/04/2019,63.61
26/04/2019,63.0
29/04/2019,63.6
30/04/2019,62.57
01/05/2019,63.6
02/05/2019,62.8
03/05/2019,62.64
07/05/2019,61.81
08/05/2019,61.82
09/05/2019,60.89
10/05/2019,61.05
13/05/2019,59.79
14/05/2019,60.64
15/05/2019,60.98
16/05/2019,61.51
17/05/2019,60.34
20/05/2019,59.5
21/05/2019,60.52
22/05/2019,59.15
23/05/2019,57.85
24/05/2019,58.52
28/05/2019,57.63
29/05/2019,57.49
30/05/2019,57.64
31/05/2019,57.26
03/06/2019,57.05
04/06/2019,57.89
05/06/2019,57.81
06/06/2019,57.23
07/06/2019,57.61
10/06/2019,58.39
11/06/2019,58.05
12/06/2019,57.98
13/06/2019,58.05
14/06/2019,57.7
17/06/2019,57.94
18/06/2019,58.07
19/06/2019,59.2
20/06/2019,58.39
21/06/2019,58.1
24/06/2019,57.0
25/06/2019,56.7
26/06/2019,56.91
27/06/2019,56.86
28/06/2019,56.59
01/07/2019,57.23
02/07/2019,57.64
03/07/2019,58.26
04/07/2019,58.26
05/07/2019,57.83
08/07/2019,57.71
09/07/2019,57.79
10/07/2019,57.97
11/07/2019,57.76
15/07/2019,57.85
16/07/2019,57.98
17/07/2019,57.69
18/07/2019,57.39
19/07/2019,56.79
22/07/2019,56.72
23/07/2019,57.0
24/07/2019,56.97
25/07/2019,56.77
26/07/2019,55.99
29/07/2019,56.18
30/07/2019,55.08
31/07/2019,53.33
01/08/2019,52.84
02/08/2019,51.26
05/08/2019,50.18
06/08/2019,50.24
07/08/2019,50.24
08/08/2019,49.76
09/08/2019,49.5
13/08/2019,48.74
14/08/2019,48.68
15/08/2019,48.58
16/08/2019,49.65
19/08/2019,49.94
20/08/2019,49.72
21/08/2019,49.53
22/08/2019,49.71
27/08/2019,49.76
28/08/2019,49.52
29/08/2019,49.81
30/08/2019,49.83
02/09/2019,50.32
03/09/2019,49.59
04/09/2019,49.6
05/09/2019,50.03
06/09/2019,50.04
09/09/2019,50.18
10/09/2019,52.32
11/09/2019,52.6
12/09/2019,51.94
13/09/2019,54.63
16/09/2019,54.12
17/09/2019,53.16
18/09/2019,52.99
19/09/2019,54.06
20/09/2019,55.51
23/09/2019,54.3
24/09/2019,53.5
25/09/2019,53.37
26/09/2019,53.59
27/09/2019,54.94
30/09/2019,54.12
01/10/2019,53.38
02/10/2019,51.6
03/10/2019,51.62
04/10/2019,52.03
07/10/2019,51.7
08/10/2019,50.98
09/10/2019,50.7
10/10/2019,52.67
11/10/2019,59.13
14/10/2019,57.79
15/10/2019,60.82
16/10/2019,61.03
17/10/2019,60.96
18/10/2019,60.19
21/10/2019,61.44
22/10/2019,60.41
23/10/2019,60.28
24/10/2019,59.85
25/10/2019,60.0
28/10/2019,58.93
29/10/2019,58.26
30/10/2019,57.6
31/10/2019,56.8
01/11/2019,57.31
04/11/2019,57.79
05/11/2019,58.09
06/11/2019,57.41
07/11/2019,57.2
08/11/2019,56.28
11/11/2019,58.54
12/11/2019,59.59
13/11/2019,59.59
14/11/2019,58.69
15/11/2019,59.17
18/11/2019,59.74
19/11/2019,59.48
20/11/2019,59.11
21/11/2019,58.7
22/11/2019,59.79
25/11/2019,60.87
26/11/2019,61.22
27/11/2019,61.7
28/11/2019,62.69
29/11/2019,61.15
02/12/2019,59.94
03/12/2019,59.17
04/12/2019,60.57
05/12/2019,60.51
06/12/2019,61.47
09/12/2019,62.13
10/12/2019,61.48
11/12/2019,60.4
12/12/2019,61.12
13/12/2019,64.33
16/12/2019,67.25
17/12/2019,63.3
18/12/2019,63.36
19/12/2019,63.92
20/12/2019,62.33
23/12/2019,62.2
24/12/2019,63.42
27/12/2019,63.18
30/12/2019,63.12
31/12/2019,62.5
02/01/2020,63.71
03/01/2020,63.05
06/01/2020,63.25
07/01/2020,63.11
08/01/2020,62.79
09/01/2020,61.85
10/01/2020,60.33
13/01/2020,58.74
14/01/2020,58.75
15/01/2020,57.81
16/01/2020,57.9
17/01/2020,58.45
20/01/2020,57.9
21/01/2020,58.5
22/01/2020,58.09
23/01/2020,57.4
24/01/2020,58.09
27/01/2020,57.11
28/01/2020,57.64
29/01/2020,57.5
30/01/2020,57.93
31/01/2020,56.79
03/02/2020,56.55
04/02/2020,57.5
05/02/2020,57.14
06/02/2020,56.95
07/02/2020,56.92
10/02/2020,56.88
11/02/2020,56.73
12/02/2020,57.44
13/02/2020,58.03
14/02/2020,56.61
17/02/2020,56.87
18/02/2020,55.88
19/02/2020,55.78
20/02/2020,56.55
21/02/2020,55.35
24/02/2020,53.11
25/02/2020,52.01
26/02/2020,51.91
28/02/2020,50.2
02/03/2020,49.54
03/03/2020,48.675
04/03/2020,48.365
05/03/2020,47.0
06/03/2020,45.68
09/03/2020,41.235
10/03/2020,42.535
11/03/2020,42.12
12/03/2020,36.995
13/03/2020,37.89
16/03/2020,35.11
17/03/2020,35.32
18/03/2020,33.635
19/03/2020,32.375
20/03/2020,32.1
23/03/2020,30.57
24/03/2020,33.645
25/03/2020,36.73
26/03/2020,37.56
27/03/2020,34.395
30/03/2020,33.5
31/03/2020,32.0
01/04/2020,28.27
02/04/2020,28.905
03/04/2020,27.725
06/04/2020,29.94
07/04/2020,31.22
08/04/2020,31.86
09/04/2020,33.39
14/04/2020,31.785
15/04/2020,29.745
16/04/2020,29.435
17/04/2020,30.45
20/04/2020,30.12
21/04/2020,29.22
22/04/2020,29.915
23/04/2020,30.425
24/04/2020,29.735
27/04/2020,30.535
28/04/2020,33.245
29/04/2020,34.76
30/04/2020,32.24
01/05/2020,31.685
04/05/2020,30.6
05/05/2020,30.58
06/05/2020,30.17
07/05/2020,31.285
11/05/2020,30.415
12/05/2020,29.885
13/05/2020,29.01
14/05/2020,28.615
15/05/2020,28.505
18/05/2020,29.685
19/05/2020,29.585
20/05/2020,29.865
21/05/2020,28.39
22/05/2020,28.12
26/05/2020,30.075
27/05/2020,31.815
28/05/2020,31.38
29/05/2020,29.87
01/06/2020,30.86
02/06/2020,31.93
03/06/2020,33.76
04/06/2020,33.885
05/06/2020,35.545
08/06/2020,36.88
09/06/2020,35.225
10/06/2020,35.02
11/06/2020,32.045
12/06/2020,31.93
15/06/2020,31.53
16/06/2020,33.15
17/06/2020,32.575
18/06/2020,32.43
19/06/2020,32.235
22/06/2020,31.645
23/06/2020,32.745
24/06/2020,31.61
25/06/2020,31.62
26/06/2020,31.085
29/06/2020,31.255
30/06/2020,31.175
01/07/2020,30.7
02/07/2020,31.85
03/07/2020,31.025
06/07/2020,31.205
07/07/2020,30.74
08/07/2020,30.72
09/07/2020,29.735
10/07/2020,30.455
13/07/2020,30.64
14/07/2020,30.105
15/07/2020,30.385
16/07/2020,30.53
17/07/2020,30.565
20/07/2020,30.41
21/07/2020,30.505
22/07/2020,30.32
23/07/2020,30.165
24/07/2020,29.695
27/07/2020,28.9
28/07/2020,29.22
29/07/2020,28.365
30/07/2020,26.205
31/07/2020,26.285
03/08/2020,27.87
04/08/2020,28.155
05/08/2020,28.175
06/08/2020,28.16
07/08/2020,27.785
10/08/2020,28.415
11/08/2020,29.455
12/08/2020,29.69
13/08/2020,29.18
14/08/2020,28.95
17/08/2020,28.625
18/08/2020,28.185
19/08/2020,28.66
20/08/2020,28.135
21/08/2020,28.1
24/08/2020,28.6
25/08/2020,28.2
26/08/2020,28.475
27/08/2020,28.2
28/08/2020,28.35
01/09/2020, 
